name;slug;description;seo_title;seo_keyword;seo_description
نقل;نقل;نقل;نقل;نقل;نقل
نقل عفش;نقل عفش;نقل عفش;نقل عفش;نقل عفش;نقل عفش
تخزين اثاث;تخزين اثاث;تخزين اثاث;تخزين اثاث;تخزين اثاث;تخزين اثاث
مؤسسة نقل عفش;مؤسسة نقل عفش;مؤسسة نقل عفش;مؤسسة نقل عفش;مؤسسة نقل عفش;مؤسسة نقل عفش
شركة تخزين عفش;شركة تخزين عفش;شركة تخزين عفش;شركة تخزين عفش;شركة تخزين عفش;شركة تخزين عفش
افضل شركة نقل عفش;افضل شركة نقل عفش;افضل شركة نقل عفش;افضل شركة نقل عفش;افضل شركة نقل عفش;افضل شركة نقل عفش
شركات نقل العفش;شركات نقل العفش;شركات نقل العفش;شركات نقل العفش;شركات نقل العفش;شركات نقل العفش
ترحيل اثاث;ترحيل اثاث;ترحيل اثاث;ترحيل اثاث;ترحيل اثاث;ترحيل اثاث
نقل وتغليف الاثاث;نقل وتغليف الاثاث;نقل وتغليف الاثاث;نقل وتغليف الاثاث;نقل وتغليف الاثاث;نقل وتغليف الاثاث
نقل وتخزين اثاث;نقل وتخزين اثاث;نقل وتخزين اثاث;نقل وتخزين اثاث;نقل وتخزين اثاث;نقل وتخزين اثاث
ارخص شركة نقل عفش;ارخص شركة نقل عفش;ارخص شركة نقل عفش;ارخص شركة نقل عفش;ارخص شركة نقل عفش;ارخص شركة نقل عفش
طريقة نقل العفش من بيت لبيت;طريقة نقل العفش من بيت لبيت;طريقة نقل العفش من بيت لبيت;طريقة نقل العفش من بيت لبيت;طريقة نقل العفش من بيت لبيت;طريقة نقل العفش من بيت لبيت
العالمية لنقل الاثاث;العالمية لنقل الاثاث;العالمية لنقل الاثاث;العالمية لنقل الاثاث;العالمية لنقل الاثاث;العالمية لنقل الاثاث
شركات نقل الأثاث;شركات نقل الأثاث;شركات نقل الأثاث;شركات نقل الأثاث;شركات نقل الأثاث;شركات نقل الأثاث
افضل شركات نقل الأثاث;افضل شركات نقل الأثاث;افضل شركات نقل الأثاث;افضل شركات نقل الأثاث;افضل شركات نقل الأثاث;افضل شركات نقل الأثاث
رقم شركة نقل اثاث;رقم شركة نقل اثاث;رقم شركة نقل اثاث;رقم شركة نقل اثاث;رقم شركة نقل اثاث;رقم شركة نقل اثاث
رقم نقل عفش;رقم نقل عفش;رقم نقل عفش;رقم نقل عفش;رقم نقل عفش;رقم نقل عفش
شركات نقل وتركيب الاثاث;شركات نقل وتركيب الاثاث;شركات نقل وتركيب الاثاث;شركات نقل وتركيب الاثاث;شركات نقل وتركيب الاثاث;شركات نقل وتركيب الاثاث
عربيه نقل عفش;عربيه نقل عفش;عربيه نقل عفش;عربيه نقل عفش;عربيه نقل عفش;عربيه نقل عفش
نقل عفش واثاث;نقل عفش واثاث;نقل عفش واثاث;نقل عفش واثاث;نقل عفش واثاث;نقل عفش واثاث
عمال نقل عفش;عمال نقل عفش;عمال نقل عفش;عمال نقل عفش;عمال نقل عفش;عمال نقل عفش
شركة تخزين;شركة تخزين;شركة تخزين;شركة تخزين;شركة تخزين;شركة تخزين
اسعار نقل العفش;اسعار نقل العفش;اسعار نقل العفش;اسعار نقل العفش;اسعار نقل العفش;اسعار نقل العفش
نقل عفش ايكيا;نقل عفش ايكيا;نقل عفش ايكيا;نقل عفش ايكيا;نقل عفش ايكيا;نقل عفش ايكيا
